name,smiles,baseline_tox,tl_tox,baseline_clintox,tl_clintox,baseline_bbbp,tl_bbbp,baseline_sol,tl_sol
Ibuprofen,CC(C)Cc1ccc(cc1)C(C)C(O)=O,0.43236732828868235,0.0,0.1473831168831169,0,0.6803595250303154,0,-3.5168689206349217,-3.797395275132272
Aspirin,CC(=O)Oc1ccccc1C(=O)O,0.34130667315067525,0.0,0.16423809523809527,0,0.6711809710757077,1,-1.758674777777778,-1.979961592592592
Caffeine,CN1C=NC2=C1C(=O)N(C(=O)N2C)C,0.32591459193855926,0.0,0.15293001443001444,0,0.6340924196288615,1,-1.2240772063492067,-1.235400867724868
Paracetamol,CC(=O)Nc1ccc(O)cc1,0.37410840743837875,0.0,0.17032611832611827,0,0.6419564324564323,1,-1.6469341865079365,-1.4165794417989417
Salbutamol,CC(C)(C)NCC(O)c1ccc(O)c(CO)c1,0.3800877702862983,0.0,0.1773055555555555,0,0.5149169302919302,0,-2.3259176111111106,-1.7944697619047618
